variable,before_mean,after_mean,mean_change
Lev,1.0261740864075564,1.0261740864075564,0.0
SL,0.22942027204383014,0.22942027204383014,0.0
LL,0.8900653773941503,0.8900653773941503,0.0
SDR,0.20651343274575693,0.20651343274575693,0.0
ROA,0.05576200250128533,0.05576200250128533,0.0
ROE,-0.18745363010020813,-0.18745363010020813,0.0
Cash,0.5772568024711411,0.5772568024711411,0.0
HHI5,0.1556903516043961,0.1549634002824447,-0.0007269513219513857
